{"metadata":{"asset_id":"55118f62-87c5-4682-877f-26f96b1507aa","asset_attributes":["notebook","location_definition"],"name":"Structured mode decent work notebook","asset_type":"notebook","created_at":"2025-05-05T10:05:26Z","description":"","origin_country":"us","owner_id":"IBMid-661003M4DM","project_id":"ad5c58ba-f15e-4e0c-a3b4-0d8638b1d20e","size":7161,"tags":["notebook"],"usage":{"last_update_time":1746439526748,"last_updated_at":"2025-05-05T10:05:26Z"}},"entity":{"notebook":{"originates_from":{"type":"blank"},"runtime":{"environment":"rt241pys1-ad5c58ba-f15e-4e0c-a3b4-0d8638b1d20e"}},"location_definition":{"physical_location_code":"DAL","physical_location_code_assigned_by":"IBMid-661003M4DM","physical_location_code_rds_id":"c57cb90f-2126-3800-9c9f-9eab82021cdf","physical_location_code_rds_version":"00002025-0505-4042-8307-434068000000_4","physical_location_code_assignment_method":"INFERRED","physical_location_code_added_on":"1746439526745"}},"attachments":[{"id":"0f10db19-4e83-4847-b9ca-3884dd4d24e2","version":2,"asset_type":"notebook","name":"attachment for notebook 55118f62-87c5-4682-877f-26f96b1507aa","description":"attachment for notebook 55118f62-87c5-4682-877f-26f96b1507aa","mime":"application/json","datasource_type":"193a97c1-4475-4a19-b90c-295c4fdc6517","object_key":"notebook/Structuredmodedecentworknotebook-wxnotebook__da__hrnxi7ovc8.ipynb","creator_id":"IBMid-661003M4DM","create_time":1746439526748,"size":7161,"is_remote":false,"is_managed":false,"is_referenced":true,"is_object_key_read_only":false,"is_user_provided_path_key":true,"transfer_complete":true,"is_partitioned":false,"complete_time_ticks":1746439526748,"user_data":{},"test_doc":0,"handle":{"bucket":"watsonxchallengesandbox-donotdelete-pr-x1somsio5j6yr6","location":"us-south","type":"bluemix_cos","key":"notebook/Structuredmodedecentworknotebook-wxnotebook__da__hrnxi7ovc8.ipynb","upload_id":"done","max_part_num":1},"usage":{"access_count":0,"last_accessor_id":"IBMid-661003M4DM","last_access_time":1746439526748}}]}
